Quarter,Asset,Gross SR,Net SR,Gross Calmar,Net Calmar,Gross CumPnL,Net CumPnL,Avg Daily Trades,Stat
2023_Q1,XAU,0.7429717887189636,-1.605809847900348,0.5204517414823927,-0.6881963310033415,6032.399999999918,-13527.600000000082,16.935064935064936,-5.485070386988503
2023_Q3,XAU,-1.5980015674141081,-5.669255356817215,-0.6451240025879169,-0.9613147008270309,-7478.600000000983,-27908.600000000988,17.46153846153846,-20.5370493721374
2023_Q4,XAU,0.9790653815625351,-1.9430689040468372,0.6241728089525074,-0.7577237398108826,6960.899999999992,-14399.100000000008,18.256410256410255,-6.516069594918668
2024_Q2,XAU,-1.0505863890784488,-3.063332085549476,-0.543859560571603,-0.9464774985594945,-10775.000000000686,-32195.000000000684,18.307692307692307,-12.371216104925043
2024_Q4,XAU,0.5437675465842352,-1.1943339401992077,0.3663745581432882,-0.5810131586377976,6446.800000000894,-14403.199999999106,17.59493670886076,-4.519551753492534
2025_Q1,XAU,-2.5925035663443574,-4.9944778991568795,-1.014382818956102,-1.0220403345194533,-21235.800000000745,-41905.80000000075,17.896103896103895,-20.524205942573946
2025_Q2,XAU,2.4123711086513,1.3765079586749402,3.180697852963813,1.531472631532412,48057.80000000073,27687.80000000073,17.41025641025641,2.9108758161103037
