Quarter,Asset,Gross SR,Net SR,Gross Calmar,Net Calmar,Gross CumPnL,Net CumPnL,Avg Daily Trades,Stat
2023_Q1,XAU,0.6335811619037149,-1.0087749162067887,0.4112853806787104,-0.3896748055980221,4966.599999999972,-8233.400000000027,11.428571428571429,-3.1807978481779533
2023_Q3,XAU,-4.064073922200575,-6.402477332552572,-0.8462678936605238,-0.9634998824426623,-19863.599999999977,-33603.59999999998,11.743589743589743,-24.25967602344655
2023_Q4,XAU,0.7194429281429636,-1.0902935086605803,0.5460462950223325,-0.5481491929796186,5159.1000000004,-8160.899999999601,11.384615384615385,-3.338589765363308
2024_Q2,XAU,0.8534403508747762,-0.2598404955292909,0.6772601316245784,-0.17077972298385502,9385.20000000076,-2914.7999999992444,10.512820512820513,-0.8128782791031787
2024_Q4,XAU,0.4587478498917668,-0.7207622974522128,0.2385800692603206,-0.29987452027854267,5056.800000000203,-8173.199999999797,11.164556962025317,-2.564651301658301
2025_Q1,XAU,-1.725395453607473,-3.1861762167391117,-0.5245005227908603,-0.7964838224397692,-14848.400000000402,-28378.4000000004,11.714285714285714,-12.332575441537974
2025_Q2,XAU,4.501141604528441,3.8228025851232257,7.162146076013796,5.674305033809048,84233.99999999997,72503.99999999997,10.025641025641026,14.233695823331676
